RewriteEngine On
RewriteCond %{SERVER_PORT} 80
RewriteRule ^(.*)$ https://www.avasmile.ro/$1 [R,L] 

Redirect 301 /contact/ https://www.avasmile.ro
Redirect 301 /specialitati/pedodontie/ https://www.avasmile.ro       
Redirect 301 /specialitati/parodontologie/ https://www.avasmile.ro
Redirect 301 /specialitati/chirurgie/ https://www.avasmile.ro   
Redirect 301 /specialitati/protetica-dentara/ https://www.avasmile.ro   
Redirect 301 /specialitati/endodontie/ https://www.avasmile.ro   
Redirect 301 /specialitati/odontoterapie/ https://www.avasmile.ro   
Redirect 301 /specialitati/profilaxie/ https://www.avasmile.ro     
Redirect 301 /specialitati/estetica-dentara/ https://www.avasmile.ro          
Redirect 301 /specialitati/estetica-faciala/ https://www.avasmile.ro       
Redirect 301 /pachete-premium/ https://www.avasmile.ro             
Redirect 301 /pachete-basic/ https://www.avasmile.ro
Redirect 301 /lista-preturi/ https://www.avasmile.ro   
Redirect 301 /specialitati/ https://www.avasmile.ro              
Redirect 301 /dotari/ https://www.avasmile.ro 
Redirect 301 /despre-noi/clinicile-ava/ https://www.avasmile.ro
Redirect 301 /despre-noi/ https://www.avasmile.ro     
Redirect 301 /despre-noi/echipa/ https://www.avasmile.ro 

Redirect 301 /dr-larisa-onu-ava-smile.php https://www.avasmile.ro
Redirect 301 /dr-iulia-giubelan-ava-smile.php https://www.avasmile.ro

Redirect 301 /dr-adela-craciun-ava-smile.php https://www.avasmile.ro/dr-adela-craciun.php
Redirect 301 /dr-andreea-bodeanu-ava-smile.php https://www.avasmile.ro/dr-andreea-bodeanu.php
Redirect 301 /dr-andreea-iliescu-ava-smile.php https://www.avasmile.ro/dr-andreea-iliescu.php
Redirect 301 /dr-andreea-lup-ava-smile.php https://www.avasmile.ro/dr-andreea-lup.php
Redirect 301 /dr-carmen-onaca-ava-smile.php https://www.avasmile.ro/dr-carmen-onaca.php
Redirect 301 /dr-dana-titel-ava-smile.php https://www.avasmile.ro/dr-dana-titel.php
Redirect 301 /dr-daniela-sudacevschi-ava-smile.php https://www.avasmile.ro/dr-daniela-sudacevschi.php
Redirect 301 /dr-diana-nastase-ava-smile.php https://www.avasmile.ro/dr-diana-nastase.php
Redirect 301 /dr-emilia-buliga-ava-smile.php https://www.avasmile.ro/dr-emilia-buliga.php
Redirect 301 /dr-george-ianus-ava-smile.php https://www.avasmile.ro/dr-george-ianus.php
Redirect 301 /dr-irina-ivan-ava-smile.php https://www.avasmile.ro/dr-irina-ivan.php
Redirect 301 /dr-irina-sirbu-ava-smile.php https://www.avasmile.ro/dr-irina-sirbu.php
Redirect 301 /dr-iulia-giubelan-ava-smile.php https://www.avasmile.ro/dr-iulia-giubelan.php
Redirect 301 /dr-larisa-onu-ava-smile.php https://www.avasmile.ro/dr-larisa-onu-ava-smile.php
Redirect 301 /dr-lavinia-radu-ava-smile.php https://www.avasmile.ro/dr-lavinia-radu.php
Redirect 301 /dr-madalina-stanculescu-ava-smile.php https://www.avasmile.ro/dr-madalina-stanculescu.php
Redirect 301 /dr-raluca-margelatu-ava-smile.php https://www.avasmile.ro/dr-raluca-margelatu.php
Redirect 301 /dr-simona-caster-ava-smile.php https://www.avasmile.ro/dr-simona-caster.php
Redirect 301 /dr-zenovica-mincu-ava-smile.php https://www.avasmile.ro/dr-zenovica-mincu.php
Redirect 301 /dr-dana-titel-ava-smile.php https://www.avasmile.ro/dr-dana-titel.php
Redirect 301 /utile.php https://www.avasmile.ro/blog.php

Redirect 301 /dr-lavinia-radu.php https://www.avasmile.ro/



       
